sample_id,meme_anxiety_categories
TR-318,Restlessness
TR-1732,Lack of Worry Control
TR-1417,Nervousness
TR-1582,Nervousness
TR-649,Lack of Worry Control
TR-2259,Impending Doom
TR-1923,Lack of Worry Control
TR-1027,Excessive Worry
TR-1544,Excessive Worry
TR-277,Impending Doom
TR-1663,Difficulty Relaxing
TR-1267,Impending Doom
TR-2543,Restlessness
TR-1258,Impending Doom
TR-867,Restlessness
TR-1366,Difficulty Relaxing
TR-993,Restlessness
TR-887,Lack of Worry Control
TR-1518,Lack of Worry Control
TR-2402,Difficulty Relaxing
TR-834,Impending Doom
TR-1774,Lack of Worry Control
TR-95,Nervousness
TR-613,Restlessness
TR-2286,Irritatbily
TR-598,Lack of Worry Control
TR-1566,Difficulty Relaxing
TR-2074,Impending Doom
TR-1361,Lack of Worry Control
TR-2009,Difficulty Relaxing
TR-2266,Restlessness
TR-1008,Irritatbily
TR-260,Lack of Worry Control
TR-2284,Nervousness
TR-2536,Lack of Worry Control
TR-2394,Nervousness
TR-1418,Excessive Worry
TR-1112,Restlessness
TR-1046,Difficulty Relaxing
TR-324,Excessive Worry
TR-2050,Excessive Worry
TR-531,Restlessness
TR-15,Difficulty Relaxing
TR-1951,Excessive Worry
TR-2383,Restlessness
TR-2458,Lack of Worry Control
TR-1662,Lack of Worry Control
TR-1567,Difficulty Relaxing
TR-174,Impending Doom
TR-273,Lack of Worry Control
TR-2421,Lack of Worry Control
TR-1745,Excessive Worry
TR-2245,Excessive Worry
TR-103,Excessive Worry
TR-1169,Lack of Worry Control
TR-2332,Difficulty Relaxing
TR-912,Difficulty Relaxing
TR-11,Impending Doom
TR-1817,Restlessness
TR-2167,Excessive Worry
TR-214,Difficulty Relaxing
TR-1730,Lack of Worry Control
TR-363,Impending Doom
TR-2249,Excessive Worry
TR-1943,Restlessness
TR-1290,Difficulty Relaxing
TR-517,Lack of Worry Control
TR-1870,Nervousness
TR-1097,Impending Doom
TR-118,Difficulty Relaxing
TR-1836,Difficulty Relaxing
TR-1506,Restlessness
TR-1627,Restlessness
TR-2453,Impending Doom
TR-2189,Restlessness
TR-1378,Difficulty Relaxing
TR-1754,Impending Doom
TR-1468,Nervousness
TR-32,Impending Doom
TR-905,Excessive Worry
TR-1442,Excessive Worry
TR-1802,Irritatbily
TR-536,Nervousness
TR-904,Lack of Worry Control
TR-810,Nervousness
TR-38,Nervousness
TR-1968,Irritatbily
TR-2264,Restlessness
TR-1120,Lack of Worry Control
TR-2113,Nervousness
TR-1706,Lack of Worry Control
TR-2178,Lack of Worry Control
TR-1807,Irritatbily
TR-2595,Impending Doom
TR-293,Lack of Worry Control
TR-668,Restlessness
TR-211,Difficulty Relaxing
TR-221,Excessive Worry
TR-2238,Irritatbily
TR-1849,Restlessness
TR-319,Restlessness
TR-505,Restlessness
TR-2527,Lack of Worry Control
TR-1360,Lack of Worry Control
TR-832,Restlessness
TR-2483,Restlessness
TR-1805,Excessive Worry
TR-1880,Excessive Worry
TR-1177,Difficulty Relaxing
TR-961,Impending Doom
TR-1421,Nervousness
TR-1162,Nervousness
TR-2540,Nervousness
TR-208,Excessive Worry
TR-17,Nervousness
TR-1201,Impending Doom
TR-2079,Restlessness
TR-2130,Impending Doom
TR-2139,Lack of Worry Control
TR-1891,Irritatbily
TR-2278,Impending Doom
TR-2467,Difficulty Relaxing
TR-2355,Nervousness
TR-1652,Nervousness
TR-1314,Excessive Worry
TR-1051,Restlessness
TR-2008,Nervousness
TR-2157,Excessive Worry
TR-370,Lack of Worry Control
TR-1262,Restlessness
TR-1448,Nervousness
TR-1920,Impending Doom
TR-1611,Impending Doom
TR-2256,Restlessness
TR-1346,Nervousness
TR-389,Excessive Worry
TR-2345,Impending Doom
TR-2457,Lack of Worry Control
TR-200,Restlessness
TR-1283,Difficulty Relaxing
TR-782,Impending Doom
TR-882,Lack of Worry Control
TR-225,Nervousness
TR-361,Lack of Worry Control
TR-1368,Irritatbily
TR-1763,Impending Doom
TR-428,Difficulty Relaxing
TR-1560,Nervousness
TR-2140,Lack of Worry Control
TR-2443,Impending Doom
TR-2555,Irritatbily
TR-1712,Impending Doom
TR-1298,Nervousness
TR-605,Restlessness
TR-846,Impending Doom
TR-1132,Restlessness
TR-58,Lack of Worry Control
TR-672,Difficulty Relaxing
TR-1988,Difficulty Relaxing
TR-184,Restlessness
TR-2210,Nervousness
TR-2112,Restlessness
TR-965,Excessive Worry
TR-570,Excessive Worry
TR-1432,Excessive Worry
TR-463,Excessive Worry
TR-255,Restlessness
TR-2560,Restlessness
TR-2366,Excessive Worry
TR-1548,Lack of Worry Control
TR-755,Nervousness
TR-888,Excessive Worry
TR-1146,Irritatbily
TR-557,Restlessness
TR-185,Impending Doom
TR-548,Lack of Worry Control
TR-643,Restlessness
TR-1293,Impending Doom
TR-1859,Restlessness
TR-831,Impending Doom
TR-316,Irritatbily
TR-1800,Impending Doom
TR-2022,Impending Doom
TR-41,Restlessness
TR-188,Restlessness
TR-2420,Excessive Worry
TR-595,Lack of Worry Control
TR-858,Excessive Worry
TR-1412,Nervousness
TR-773,Irritatbily
TR-1066,Impending Doom
TR-1736,Lack of Worry Control
TR-2193,Nervousness
TR-390,Nervousness
TR-2451,Difficulty Relaxing
TR-1167,Restlessness
TR-1686,Difficulty Relaxing
TR-2579,Nervousness
TR-250,Restlessness
TR-593,Restlessness
TR-812,Restlessness
TR-305,Lack of Worry Control
TR-2206,Impending Doom
TR-957,Nervousness
TR-2331,Lack of Worry Control
TR-1091,Lack of Worry Control
TR-861,Impending Doom
TR-922,Excessive Worry
TR-2058,Excessive Worry
TR-2194,Restlessness
TR-2136,Lack of Worry Control
TR-885,Nervousness
TR-2404,Lack of Worry Control
TR-791,Impending Doom
TR-1964,Impending Doom
TR-421,Restlessness
TR-860,Excessive Worry
TR-2577,Nervousness
TR-996,Excessive Worry
TR-1666,Nervousness
TR-276,Impending Doom
TR-2517,Nervousness
TR-485,Impending Doom
TR-962,Difficulty Relaxing
TR-555,Restlessness
TR-1995,Impending Doom
TR-780,Lack of Worry Control
TR-1825,Restlessness
TR-2244,Nervousness
TR-99,Nervousness
TR-1147,Impending Doom
TR-902,Impending Doom
TR-1334,Nervousness
TR-705,Lack of Worry Control
TR-1781,Lack of Worry Control
TR-1088,Impending Doom
TR-1062,Impending Doom
TR-1538,Nervousness
TR-472,Lack of Worry Control
TR-1636,Excessive Worry
TR-2045,Impending Doom
TR-2569,Excessive Worry
TR-2500,Lack of Worry Control
TR-923,Nervousness
TR-2265,Impending Doom
TR-992,Restlessness
TR-217,Nervousness
TR-934,Nervousness
TR-1820,Nervousness
TR-895,Impending Doom
TR-203,Impending Doom
TR-129,Irritatbily
TR-532,Excessive Worry
TR-2076,Excessive Worry
TR-479,Nervousness
TR-1634,Lack of Worry Control
TR-1484,Excessive Worry
TR-1832,Nervousness
TR-1908,Lack of Worry Control
TR-1579,Nervousness
TR-1727,Nervousness
TR-651,Impending Doom
TR-2476,Restlessness
TR-910,Lack of Worry Control
TR-2440,Impending Doom
TR-10,Impending Doom
TR-582,Impending Doom
TR-499,Excessive Worry
TR-575,Impending Doom
TR-2499,Lack of Worry Control
TR-2202,Restlessness
TR-1500,Impending Doom
TR-1343,Nervousness
TR-890,Restlessness
TR-2021,Restlessness
TR-642,Restlessness
TR-1183,Excessive Worry
TR-2197,Lack of Worry Control
TR-46,Lack of Worry Control
TR-1982,Excessive Worry
TR-1395,Restlessness
TR-1705,Lack of Worry Control
TR-2558,Nervousness
TR-2554,Excessive Worry
TR-1985,Lack of Worry Control
TR-1405,Nervousness
TR-1352,Restlessness
TR-900,Nervousness
TR-2180,Restlessness
TR-2384,Impending Doom
TR-1226,Excessive Worry
TR-1948,Difficulty Relaxing
TR-1837,Restlessness
TR-1941,Excessive Worry
TR-1126,Restlessness
TR-955,Difficulty Relaxing
TR-2411,Restlessness
TR-299,Nervousness
TR-637,Excessive Worry
TR-1901,Excessive Worry
TR-1751,Nervousness
TR-602,Excessive Worry
TR-1035,Difficulty Relaxing
TR-752,Nervousness
TR-702,Excessive Worry
TR-2107,Nervousness
TR-148,Nervousness
TR-529,Difficulty Relaxing
TR-792,Lack of Worry Control
TR-1586,Difficulty Relaxing
TR-1610,Nervousness
TR-190,Difficulty Relaxing
TR-102,Excessive Worry
TR-2400,Excessive Worry
TR-1459,Impending Doom
TR-1699,Lack of Worry Control
TR-1927,Difficulty Relaxing
TR-1534,Impending Doom
TR-2163,Excessive Worry
TR-824,Impending Doom
TR-488,Irritatbily
TR-974,Restlessness
TR-1415,Excessive Worry
TR-874,Difficulty Relaxing
TR-2220,Lack of Worry Control
TR-1994,Impending Doom
TR-1673,Lack of Worry Control
TR-2468,Irritatbily
TR-851,Difficulty Relaxing
TR-2522,Restlessness
TR-2067,Nervousness
TR-1485,Restlessness
TR-1752,Restlessness
TR-804,Difficulty Relaxing
TR-798,Nervousness
TR-1824,Difficulty Relaxing
TR-1541,Excessive Worry
TR-1482,Impending Doom
TR-2433,Irritatbily
TR-2531,Difficulty Relaxing
TR-82,Impending Doom
TR-125,Nervousness
TR-2347,Excessive Worry
TR-231,Impending Doom
TR-687,Nervousness
TR-1436,Nervousness
TR-197,Restlessness
TR-761,Restlessness
TR-2156,Difficulty Relaxing
TR-1474,Difficulty Relaxing
TR-222,Restlessness
TR-906,Excessive Worry
TR-1406,Impending Doom
TR-1190,Irritatbily
TR-1186,Impending Doom
TR-1216,Impending Doom
TR-1253,Nervousness
TR-2239,Lack of Worry Control
TR-326,Excessive Worry
TR-1773,Restlessness
TR-172,Nervousness
TR-230,Restlessness
TR-2439,Restlessness
TR-2514,Lack of Worry Control
TR-739,Excessive Worry
TR-726,Nervousness
TR-2524,Restlessness
TR-2530,Nervousness
TR-2258,Nervousness
TR-1638,Restlessness
TR-1261,Restlessness
TR-762,Difficulty Relaxing
TR-1022,Restlessness
TR-473,Excessive Worry
TR-650,Difficulty Relaxing
TR-2344,Impending Doom
TR-1886,Restlessness
TR-2336,Irritatbily
TR-2508,Restlessness
TR-131,Difficulty Relaxing
TR-1481,Impending Doom
TR-1427,Nervousness
TR-150,Nervousness
TR-1679,Restlessness
TR-387,Lack of Worry Control
TR-1959,Difficulty Relaxing
TR-2201,Lack of Worry Control
TR-2141,Difficulty Relaxing
TR-2170,Nervousness
TR-1723,Lack of Worry Control
TR-959,Irritatbily
TR-2012,Excessive Worry
TR-1523,Irritatbily
TR-978,Lack of Worry Control
TR-2351,Excessive Worry
TR-1651,Excessive Worry
TR-1918,Nervousness
TR-434,Restlessness
TR-124,Restlessness
TR-2304,Lack of Worry Control
TR-2437,Irritatbily
TR-1391,Impending Doom
TR-2312,Restlessness
TR-880,Restlessness
TR-519,Restlessness
TR-1064,Difficulty Relaxing
TR-1913,Excessive Worry
TR-2319,Impending Doom
TR-1931,Difficulty Relaxing
TR-2419,Impending Doom
TR-838,Restlessness
TR-215,Restlessness
TR-683,Impending Doom
TR-640,Irritatbily
TR-2509,Excessive Worry
TR-589,Nervousness
TR-1613,Difficulty Relaxing
TR-2361,Difficulty Relaxing
TR-269,Lack of Worry Control
TR-870,Restlessness
TR-1031,Impending Doom
TR-1363,Difficulty Relaxing
TR-1907,Excessive Worry
TR-2507,Lack of Worry Control
TR-1273,Lack of Worry Control
TR-2434,Impending Doom
TR-1946,Excessive Worry
TR-1119,Impending Doom
TR-1203,Restlessness
TR-2563,Restlessness
TR-1869,Impending Doom
TR-411,Impending Doom
TR-1877,Nervousness
TR-503,Irritatbily
TR-342,Excessive Worry
TR-1434,Irritatbily
TR-478,Lack of Worry Control
TR-313,Restlessness
TR-232,Difficulty Relaxing
TR-1310,Nervousness
TR-1017,Restlessness
TR-1504,Restlessness
TR-62,Impending Doom
TR-546,Impending Doom
TR-438,Lack of Worry Control
TR-1299,Nervousness
TR-659,Impending Doom
TR-1125,Irritatbily
TR-1462,Irritatbily
TR-19,Difficulty Relaxing
TR-701,Impending Doom
TR-719,Nervousness
TR-664,Nervousness
TR-21,Lack of Worry Control
TR-764,Difficulty Relaxing
TR-2236,Lack of Worry Control
TR-398,Nervousness
TR-1227,Lack of Worry Control
TR-564,Impending Doom
TR-94,Impending Doom
TR-1139,Impending Doom
TR-2395,Excessive Worry
TR-2516,Lack of Worry Control
TR-2389,Difficulty Relaxing
TR-2118,Nervousness
TR-698,Lack of Worry Control
TR-1889,Restlessness
TR-418,Impending Doom
TR-336,Irritatbily
TR-852,Excessive Worry
TR-682,Nervousness
TR-2040,Nervousness
TR-741,Restlessness
TR-1904,Nervousness
TR-173,Restlessness
TR-2068,Restlessness
TR-1296,Impending Doom
TR-676,Impending Doom
TR-1470,Lack of Worry Control
TR-2002,Nervousness
TR-477,Restlessness
TR-1860,Impending Doom
TR-545,Difficulty Relaxing
TR-427,Difficulty Relaxing
TR-1276,Irritatbily
TR-371,Excessive Worry
TR-522,Restlessness
TR-456,Impending Doom
TR-2225,Difficulty Relaxing
TR-1809,Difficulty Relaxing
TR-1554,Difficulty Relaxing
TR-1497,Difficulty Relaxing
TR-88,Nervousness
TR-779,Impending Doom
TR-1947,Nervousness
TR-2038,Difficulty Relaxing
TR-1332,Excessive Worry
TR-1078,Irritatbily
TR-694,Impending Doom
TR-2126,Difficulty Relaxing
TR-1285,Nervousness
TR-1219,Nervousness
TR-1831,Lack of Worry Control
TR-22,Excessive Worry
TR-1374,Impending Doom
TR-360,Restlessness
TR-983,Impending Doom
TR-1863,Restlessness
TR-2052,Nervousness
TR-59,Excessive Worry
TR-2512,Restlessness
TR-727,Irritatbily
TR-1746,Excessive Worry
TR-1382,Restlessness
TR-634,Impending Doom
TR-1020,Lack of Worry Control
TR-66,Difficulty Relaxing
TR-1714,Impending Doom
TR-2181,Difficulty Relaxing
TR-886,Lack of Worry Control
TR-933,Difficulty Relaxing
TR-542,Restlessness
TR-412,Difficulty Relaxing
TR-501,Impending Doom
TR-341,Restlessness
TR-1928,Restlessness
TR-1624,Restlessness
TR-53,Impending Doom
TR-2580,Restlessness
TR-65,Nervousness
TR-1909,Irritatbily
TR-1036,Excessive Worry
TR-1760,Irritatbily
TR-2173,Lack of Worry Control
TR-2357,Difficulty Relaxing
TR-243,Nervousness
TR-482,Restlessness
TR-738,Restlessness
TR-1194,Restlessness
TR-409,Difficulty Relaxing
TR-1445,Excessive Worry
TR-1179,Restlessness
TR-1429,Nervousness
TR-1853,Irritatbily
TR-1598,Lack of Worry Control
TR-1111,Excessive Worry
TR-1629,Excessive Worry
TR-60,Difficulty Relaxing
TR-883,Lack of Worry Control
TR-865,Excessive Worry
TR-1688,Restlessness
TR-138,Lack of Worry Control
TR-51,Impending Doom
TR-1845,Difficulty Relaxing
TR-2592,Restlessness
TR-164,Restlessness
TR-2541,Nervousness
TR-1903,Lack of Worry Control
TR-1615,Impending Doom
TR-1660,Restlessness
TR-1823,Difficulty Relaxing
TR-2538,Nervousness
TR-666,Difficulty Relaxing
TR-2182,Lack of Worry Control
TR-1764,Lack of Worry Control
TR-1675,Difficulty Relaxing
TR-1377,Difficulty Relaxing
TR-77,Excessive Worry
TR-306,Lack of Worry Control
TR-154,Excessive Worry
TR-447,Lack of Worry Control
TR-620,Impending Doom
TR-1430,Lack of Worry Control
TR-544,Restlessness
TR-622,Nervousness
TR-1233,Irritatbily
TR-1465,Excessive Worry
TR-474,Lack of Worry Control
TR-2144,Impending Doom
TR-653,Lack of Worry Control
TR-159,Difficulty Relaxing
TR-1229,Restlessness
TR-1542,Excessive Worry
TR-1698,Lack of Worry Control
TR-1658,Impending Doom
TR-492,Irritatbily
TR-2430,Nervousness
TR-44,Irritatbily
TR-220,Nervousness
TR-2237,Impending Doom
TR-781,Nervousness
TR-1787,Lack of Worry Control
TR-630,Excessive Worry
TR-742,Lack of Worry Control
TR-440,Restlessness
TR-1997,Excessive Worry
TR-2100,Irritatbily
TR-1568,Difficulty Relaxing
TR-345,Difficulty Relaxing
TR-1257,Lack of Worry Control
TR-2566,Difficulty Relaxing
TR-2302,Difficulty Relaxing
TR-2585,Nervousness
TR-194,Irritatbily
TR-486,Difficulty Relaxing
TR-1093,Restlessness
TR-1865,Nervousness
TR-445,Restlessness
TR-1398,Difficulty Relaxing
TR-1694,Nervousness
TR-2539,Impending Doom
TR-2377,Impending Doom
TR-946,Restlessness
TR-737,Excessive Worry
TR-50,Irritatbily
TR-915,Restlessness
TR-375,Difficulty Relaxing
TR-600,Impending Doom
TR-2494,Nervousness
TR-982,Restlessness
TR-2486,Difficulty Relaxing
TR-1085,Nervousness
TR-2537,Nervousness
TR-1750,Difficulty Relaxing
TR-374,Excessive Worry
TR-845,Difficulty Relaxing
TR-1580,Difficulty Relaxing
TR-2408,Impending Doom
TR-166,Excessive Worry
TR-1364,Lack of Worry Control
TR-805,Difficulty Relaxing
TR-1056,Restlessness
TR-1313,Restlessness
TR-1163,Impending Doom
TR-1309,Restlessness
TR-37,Difficulty Relaxing
TR-1790,Impending Doom
TR-2070,Restlessness
TR-1084,Excessive Worry
TR-422,Lack of Worry Control
TR-2227,Lack of Worry Control
TR-281,Impending Doom
TR-1471,Nervousness
TR-2504,Restlessness
TR-466,Impending Doom
TR-2062,Lack of Worry Control
TR-926,Lack of Worry Control
TR-896,Difficulty Relaxing
TR-2352,Nervousness
TR-1041,Impending Doom
TR-437,Restlessness
TR-2042,Impending Doom
TR-2071,Difficulty Relaxing
TR-2469,Restlessness
TR-446,Nervousness
TR-673,Restlessness
TR-1792,Lack of Worry Control
TR-2441,Restlessness
TR-1109,Nervousness
TR-559,Impending Doom
TR-1813,Impending Doom
TR-1446,Nervousness
TR-1725,Lack of Worry Control
TR-671,Excessive Worry
TR-995,Irritatbily
TR-1810,Excessive Worry
TR-1063,Difficulty Relaxing
TR-1317,Nervousness
TR-2288,Lack of Worry Control
TR-2322,Nervousness
TR-2422,Restlessness
TR-1269,Excessive Worry
TR-2026,Irritatbily
TR-1478,Difficulty Relaxing
TR-1204,Impending Doom
TR-2014,Impending Doom
TR-248,Excessive Worry
TR-1601,Lack of Worry Control
TR-1780,Impending Doom
TR-985,Restlessness
TR-616,Restlessness
TR-14,Excessive Worry
TR-2168,Restlessness
TR-2356,Restlessness
TR-271,Excessive Worry
TR-339,Restlessness
TR-715,Nervousness
TR-2271,Restlessness
TR-6,Lack of Worry Control
TR-944,Difficulty Relaxing
TR-1846,Lack of Worry Control
TR-1711,Excessive Worry
TR-429,Lack of Worry Control
TR-1322,Lack of Worry Control
TR-1070,Restlessness
TR-732,Lack of Worry Control
TR-458,Restlessness
TR-674,Difficulty Relaxing
TR-2138,Impending Doom
TR-1631,Nervousness
TR-1376,Lack of Worry Control
TR-1571,Difficulty Relaxing
TR-2429,Nervousness
TR-365,Nervousness
TR-193,Excessive Worry
TR-1630,Impending Doom
TR-1950,Nervousness
TR-1117,Lack of Worry Control
TR-703,Nervousness
TR-646,Impending Doom
TR-611,Nervousness
TR-439,Nervousness
TR-140,Excessive Worry
TR-588,Excessive Worry
TR-157,Impending Doom
TR-840,Nervousness
TR-1794,Lack of Worry Control
TR-2405,Irritatbily
TR-1234,Nervousness
TR-940,Excessive Worry
TR-401,Difficulty Relaxing
TR-931,Difficulty Relaxing
TR-876,Lack of Worry Control
TR-1101,Excessive Worry
TR-938,Restlessness
TR-139,Nervousness
TR-1626,Difficulty Relaxing
TR-911,Irritatbily
TR-1351,Restlessness
TR-725,Impending Doom
TR-2588,Impending Doom
TR-106,Excessive Worry
TR-362,Difficulty Relaxing
TR-1511,Excessive Worry
TR-413,Nervousness
TR-245,Lack of Worry Control
TR-2339,Restlessness
TR-1043,Difficulty Relaxing
TR-2378,Restlessness
TR-2329,Lack of Worry Control
TR-2369,Nervousness
TR-1926,Nervousness
TR-566,Irritatbily
TR-1708,Restlessness
TR-1423,Excessive Worry
TR-925,Impending Doom
TR-835,Difficulty Relaxing
TR-1804,Excessive Worry
TR-367,Nervousness
TR-1829,Excessive Worry
TR-2472,Difficulty Relaxing
TR-1236,Difficulty Relaxing
TR-2004,Difficulty Relaxing
TR-68,Restlessness
TR-2104,Lack of Worry Control
TR-1029,Difficulty Relaxing
TR-1021,Difficulty Relaxing
TR-1026,Lack of Worry Control
TR-1827,Difficulty Relaxing
TR-1151,Restlessness
TR-1230,Difficulty Relaxing
TR-788,Impending Doom
TR-2418,Irritatbily
TR-2496,Excessive Worry
TR-2598,Nervousness
TR-1073,Impending Doom
TR-1061,Impending Doom
TR-1933,Impending Doom
TR-1416,Lack of Worry Control
TR-768,Impending Doom
TR-349,Irritatbily
TR-2025,Lack of Worry Control
TR-1821,Restlessness
TR-2550,Lack of Worry Control
TR-2160,Restlessness
TR-2254,Difficulty Relaxing
TR-192,Excessive Worry
TR-2162,Difficulty Relaxing
TR-2151,Irritatbily
TR-126,Restlessness
TR-1379,Difficulty Relaxing
TR-1844,Lack of Worry Control
TR-1408,Impending Doom
TR-1871,Impending Doom
TR-2401,Nervousness
TR-2143,Excessive Worry
TR-2360,Restlessness
TR-1141,Restlessness
TR-1065,Irritatbily
TR-175,Excessive Worry
TR-1562,Impending Doom
TR-2116,Lack of Worry Control
TR-1808,Impending Doom
TR-90,Impending Doom
TR-1795,Difficulty Relaxing
TR-2229,Impending Doom
TR-213,Excessive Worry
TR-2412,Impending Doom
TR-1683,Nervousness
TR-20,Difficulty Relaxing
TR-1674,Excessive Worry
TR-608,Impending Doom
TR-1124,Impending Doom
TR-1438,Nervousness
TR-547,Irritatbily
TR-380,Excessive Worry
TR-2373,Nervousness
TR-553,Impending Doom
TR-550,Excessive Worry
TR-187,Lack of Worry Control
TR-1439,Restlessness
TR-707,Impending Doom
TR-2582,Difficulty Relaxing
TR-1971,Excessive Worry
TR-1935,Difficulty Relaxing
TR-984,Nervousness
TR-2519,Nervousness
TR-1987,Nervousness
TR-283,Difficulty Relaxing
TR-1616,Lack of Worry Control
TR-793,Impending Doom
TR-1665,Excessive Worry
TR-258,Excessive Worry
TR-670,Impending Doom
TR-119,Lack of Worry Control
TR-2354,Restlessness
TR-2489,Nervousness
TR-333,Difficulty Relaxing
TR-1131,Excessive Worry
TR-2080,Irritatbily
TR-2479,Nervousness
TR-918,Nervousness
TR-1724,Nervousness
TR-1403,Impending Doom
TR-1555,Excessive Worry
TR-1697,Nervousness
TR-1294,Nervousness
TR-648,Impending Doom
TR-685,Excessive Worry
TR-2607,Restlessness
TR-1884,Restlessness
TR-297,Excessive Worry
TR-2149,Lack of Worry Control
TR-1919,Restlessness
TR-586,Impending Doom
TR-1472,Restlessness
TR-971,Irritatbily
TR-2303,Excessive Worry
TR-977,Excessive Worry
TR-2542,Difficulty Relaxing
TR-1483,Difficulty Relaxing
TR-1796,Difficulty Relaxing
TR-979,Nervousness
TR-677,Difficulty Relaxing
TR-1464,Lack of Worry Control
TR-234,Restlessness
TR-2414,Impending Doom
TR-2462,Lack of Worry Control
TR-2032,Difficulty Relaxing
TR-1977,Excessive Worry
TR-2000,Excessive Worry
TR-1830,Lack of Worry Control
TR-1130,Nervousness
TR-1735,Restlessness
TR-467,Nervousness
TR-623,Excessive Worry
TR-2399,Excessive Worry
TR-998,Difficulty Relaxing
TR-920,Impending Doom
TR-1758,Excessive Worry
TR-1345,Restlessness
TR-2179,Restlessness
TR-396,Lack of Worry Control
TR-862,Impending Doom
TR-1079,Nervousness
TR-1975,Nervousness
TR-2029,Restlessness
TR-1437,Nervousness
TR-1327,Restlessness
TR-274,Lack of Worry Control
TR-2198,Nervousness
TR-1134,Difficulty Relaxing
TR-2003,Irritatbily
TR-1187,Lack of Worry Control
TR-1970,Lack of Worry Control
TR-1564,Nervousness
TR-2208,Impending Doom
TR-181,Difficulty Relaxing
TR-1857,Difficulty Relaxing
TR-1587,Nervousness
TR-1974,Difficulty Relaxing
TR-1071,Lack of Worry Control
TR-2176,Restlessness
TR-1321,Difficulty Relaxing
TR-1765,Excessive Worry
TR-1573,Lack of Worry Control
TR-1924,Impending Doom
TR-1152,Restlessness
TR-693,Lack of Worry Control
TR-980,Irritatbily
TR-2109,Excessive Worry
TR-1563,Irritatbily
TR-1323,Nervousness
TR-1302,Excessive Worry
TR-2475,Restlessness
TR-1240,Excessive Worry
TR-1344,Nervousness
TR-1271,Irritatbily
TR-1672,Difficulty Relaxing
TR-538,Difficulty Relaxing
TR-1052,Restlessness
TR-2552,Impending Doom
TR-767,Difficulty Relaxing
TR-1081,Restlessness
TR-856,Nervousness
TR-1404,Restlessness
TR-1578,Nervousness
TR-1282,Excessive Worry
TR-877,Difficulty Relaxing
TR-1855,Impending Doom
TR-1447,Restlessness
TR-1861,Restlessness
TR-1703,Difficulty Relaxing
TR-1461,Lack of Worry Control
TR-802,Difficulty Relaxing
TR-433,Lack of Worry Control
TR-1748,Restlessness
TR-1954,Nervousness
TR-1897,Restlessness
TR-1212,Difficulty Relaxing
TR-1030,Difficulty Relaxing
TR-2252,Restlessness
TR-242,Restlessness
TR-1090,Nervousness
TR-2545,Impending Doom
TR-1198,Nervousness
TR-1248,Impending Doom
TR-1607,Restlessness
TR-765,Restlessness
TR-809,Restlessness
TR-853,Excessive Worry
TR-658,Irritatbily
TR-1851,Nervousness
TR-941,Restlessness
TR-515,Difficulty Relaxing
TR-947,Nervousness
TR-966,Nervousness
TR-16,Restlessness
TR-206,Irritatbily
TR-2096,Difficulty Relaxing
TR-76,Nervousness
TR-999,Restlessness
TR-279,Nervousness
TR-1304,Excessive Worry
TR-568,Excessive Worry
TR-2184,Difficulty Relaxing
TR-1963,Lack of Worry Control
TR-554,Excessive Worry
TR-2297,Irritatbily
TR-1337,Irritatbily
TR-662,Impending Doom
TR-1914,Impending Doom
TR-2185,Excessive Worry
TR-1055,Irritatbily
TR-2518,Impending Doom
TR-1998,Difficulty Relaxing
TR-1303,Nervousness
TR-827,Irritatbily
TR-1359,Impending Doom
TR-1527,Excessive Worry
TR-509,Nervousness
TR-1812,Difficulty Relaxing
TR-1980,Impending Doom
TR-1843,Lack of Worry Control
TR-2017,Excessive Worry
TR-733,Excessive Worry
TR-2407,Excessive Worry
TR-120,Irritatbily
TR-233,Excessive Worry
TR-1005,Difficulty Relaxing
TR-1625,Lack of Worry Control
TR-1200,Impending Doom
TR-717,Nervousness
TR-632,Impending Doom
TR-2296,Lack of Worry Control
TR-731,Lack of Worry Control
TR-2600,Excessive Worry
TR-855,Difficulty Relaxing
TR-879,Nervousness
TR-1098,Restlessness
TR-286,Impending Doom
TR-2382,Lack of Worry Control
TR-289,Lack of Worry Control
TR-2028,Nervousness
TR-25,Excessive Worry
TR-2247,Lack of Worry Control
TR-1082,Impending Doom
TR-592,Excessive Worry
TR-1681,Excessive Worry
TR-2075,Restlessness
TR-1973,Excessive Worry
TR-1569,Restlessness
TR-580,Restlessness
TR-1407,Difficulty Relaxing
TR-1937,Restlessness
TR-416,Lack of Worry Control
TR-2596,Lack of Worry Control
TR-352,Difficulty Relaxing
TR-198,Impending Doom
TR-776,Lack of Worry Control
TR-756,Excessive Worry
TR-2084,Excessive Worry
TR-442,Excessive Worry
TR-1013,Difficulty Relaxing
TR-1047,Excessive Worry
TR-1958,Excessive Worry
TR-435,Lack of Worry Control
TR-735,Impending Doom
TR-1018,Nervousness
TR-453,Lack of Worry Control
TR-2243,Lack of Worry Control
TR-1329,Restlessness
TR-2465,Nervousness
TR-1916,Lack of Worry Control
TR-614,Lack of Worry Control
TR-1413,Excessive Worry
TR-1777,Excessive Worry
TR-1057,Excessive Worry
TR-1096,Impending Doom
TR-476,Nervousness
TR-296,Excessive Worry
TR-1475,Nervousness
TR-85,Difficulty Relaxing
TR-2054,Nervousness
TR-74,Restlessness
TR-2090,Lack of Worry Control
TR-1553,Lack of Worry Control
TR-2313,Excessive Worry
TR-1080,Impending Doom
TR-2106,Lack of Worry Control
TR-1722,Difficulty Relaxing
TR-312,Irritatbily
TR-320,Restlessness
TR-304,Restlessness
TR-1170,Restlessness
TR-81,Excessive Worry
TR-301,Restlessness
TR-2338,Difficulty Relaxing
TR-334,Restlessness
TR-686,Excessive Worry
TR-1045,Nervousness
TR-2424,Nervousness
TR-1600,Lack of Worry Control
TR-1721,Lack of Worry Control
TR-587,Lack of Worry Control
TR-1696,Nervousness
TR-1409,Excessive Worry
TR-1311,Nervousness
TR-610,Nervousness
TR-1986,Excessive Worry
TR-1691,Restlessness
TR-134,Nervousness
TR-2548,Nervousness
TR-1220,Impending Doom
TR-332,Irritatbily
TR-1661,Irritatbily
TR-1878,Impending Doom
TR-369,Nervousness
TR-1835,Lack of Worry Control
TR-1128,Restlessness
TR-1784,Lack of Worry Control
TR-1136,Lack of Worry Control
TR-1543,Excessive Worry
TR-455,Lack of Worry Control
TR-1623,Difficulty Relaxing
TR-1617,Difficulty Relaxing
TR-1512,Restlessness
TR-2471,Lack of Worry Control
TR-1589,Nervousness
TR-2128,Nervousness
TR-2576,Irritatbily
TR-1874,Restlessness
TR-207,Nervousness
TR-35,Restlessness
TR-722,Restlessness
TR-1676,Irritatbily
TR-384,Irritatbily
TR-1087,Lack of Worry Control
TR-2,Impending Doom
TR-2573,Excessive Worry
TR-596,Excessive Worry
TR-1753,Restlessness
TR-2575,Impending Doom
TR-1342,Difficulty Relaxing
TR-712,Difficulty Relaxing
TR-146,Difficulty Relaxing
TR-1049,Impending Doom
TR-1602,Restlessness
TR-496,Lack of Worry Control
TR-1734,Nervousness
TR-1202,Excessive Worry
TR-1791,Difficulty Relaxing
TR-132,Nervousness
TR-2305,Lack of Worry Control
TR-875,Difficulty Relaxing
TR-1984,Impending Doom
TR-292,Difficulty Relaxing
TR-1833,Nervousness
TR-1640,Difficulty Relaxing
TR-1243,Restlessness
TR-1476,Lack of Worry Control
TR-2262,Nervousness
TR-1956,Irritatbily
TR-1644,Nervousness
TR-808,Nervousness
TR-1632,Nervousness
TR-2152,Impending Doom
TR-1108,Nervousness
TR-633,Nervousness
TR-1044,Restlessness
TR-2290,Restlessness
TR-27,Impending Doom
TR-1137,Restlessness
TR-689,Difficulty Relaxing
TR-2306,Lack of Worry Control
TR-1264,Lack of Worry Control
TR-284,Excessive Worry
TR-1501,Impending Doom
TR-913,Irritatbily
TR-669,Impending Doom
TR-1682,Lack of Worry Control
TR-506,Nervousness
TR-392,Excessive Worry
TR-1961,Impending Doom
TR-2134,Impending Doom
TR-1454,Impending Doom
TR-1929,Difficulty Relaxing
TR-1050,Excessive Worry
TR-1255,Nervousness
TR-449,Nervousness
TR-494,Difficulty Relaxing
TR-2370,Difficulty Relaxing
TR-2523,Difficulty Relaxing
TR-272,Excessive Worry
TR-1278,Impending Doom
TR-2235,Lack of Worry Control
TR-406,Lack of Worry Control
TR-730,Impending Doom
TR-1455,Restlessness
TR-2601,Restlessness
TR-2087,Restlessness
TR-1545,Nervousness
TR-2191,Difficulty Relaxing
TR-2215,Irritatbily
TR-1596,Irritatbily
TR-61,Impending Doom
TR-1192,Lack of Worry Control
TR-1841,Nervousness
TR-1738,Lack of Worry Control
TR-1176,Impending Doom
TR-1570,Restlessness
TR-684,Difficulty Relaxing
TR-1441,Difficulty Relaxing
TR-475,Restlessness
TR-1507,Impending Doom
TR-1004,Nervousness
TR-1647,Excessive Worry
TR-443,Difficulty Relaxing
TR-2196,Impending Doom
TR-2232,Nervousness
TR-1526,Excessive Worry
TR-1530,Excessive Worry
TR-462,Difficulty Relaxing
TR-1739,Impending Doom
TR-92,Restlessness
TR-89,Difficulty Relaxing
TR-346,Nervousness
TR-1608,Impending Doom
TR-907,Lack of Worry Control
TR-378,Lack of Worry Control
TR-310,Lack of Worry Control
TR-2487,Impending Doom
TR-2195,Nervousness
TR-1150,Restlessness
TR-2276,Impending Doom
TR-953,Restlessness
TR-2578,Nervousness
TR-1649,Difficulty Relaxing
TR-1842,Excessive Worry
TR-2272,Difficulty Relaxing
TR-1911,Lack of Worry Control
TR-599,Excessive Worry
TR-2222,Excessive Worry
TR-454,Impending Doom
TR-560,Impending Doom
TR-340,Irritatbily
TR-624,Excessive Worry
TR-2030,Restlessness
TR-1999,Lack of Worry Control
TR-1761,Irritatbily
TR-830,Excessive Worry
TR-162,Lack of Worry Control
TR-71,Nervousness
TR-2570,Restlessness
TR-2248,Impending Doom
TR-2428,Nervousness
TR-1411,Excessive Worry
TR-950,Impending Doom
TR-680,Excessive Worry
TR-970,Nervousness
TR-1925,Impending Doom
TR-1866,Irritatbily
TR-69,Impending Doom
TR-1684,Difficulty Relaxing
TR-415,Lack of Worry Control
TR-2535,Restlessness
TR-1300,Difficulty Relaxing
TR-778,Impending Doom
TR-1938,Nervousness
TR-2059,Restlessness
TR-104,Nervousness
TR-1583,Difficulty Relaxing
TR-652,Impending Doom
TR-63,Difficulty Relaxing
TR-2019,Excessive Worry
TR-2120,Lack of Worry Control
TR-655,Lack of Worry Control
TR-55,Restlessness
TR-2435,Difficulty Relaxing
TR-1508,Difficulty Relaxing
TR-1669,Impending Doom
TR-72,Excessive Worry
TR-1552,Nervousness
TR-2568,Lack of Worry Control
TR-2551,Difficulty Relaxing
TR-1700,Lack of Worry Control
TR-451,Difficulty Relaxing
TR-253,Difficulty Relaxing
TR-1978,Restlessness
TR-480,Nervousness
TR-1254,Restlessness
TR-2445,Nervousness
TR-2327,Excessive Worry
TR-790,Nervousness
TR-2574,Difficulty Relaxing
TR-2376,Difficulty Relaxing
TR-2127,Lack of Worry Control
TR-1609,Difficulty Relaxing
TR-706,Restlessness
TR-1917,Difficulty Relaxing
TR-1002,Difficulty Relaxing
TR-9,Irritatbily
TR-2064,Lack of Worry Control
TR-748,Impending Doom
TR-2085,Irritatbily
TR-644,Excessive Worry
TR-551,Nervousness
TR-407,Difficulty Relaxing
TR-800,Irritatbily
TR-1431,Excessive Worry
TR-1315,Difficulty Relaxing
TR-1182,Excessive Worry
TR-254,Restlessness
TR-1225,Lack of Worry Control
TR-1840,Excessive Worry
TR-2292,Impending Doom
TR-508,Restlessness
TR-1749,Nervousness
TR-2088,Nervousness
TR-1492,Nervousness
TR-2268,Lack of Worry Control
TR-747,Nervousness
TR-1355,Restlessness
TR-1215,Difficulty Relaxing
TR-239,Difficulty Relaxing
TR-1565,Impending Doom
TR-987,Lack of Worry Control
TR-571,Irritatbily
TR-1769,Restlessness
TR-115,Restlessness
TR-116,Nervousness
TR-1503,Irritatbily
TR-123,Restlessness
TR-510,Restlessness
TR-1755,Restlessness
TR-1930,Lack of Worry Control
TR-533,Lack of Worry Control
TR-1067,Excessive Worry
TR-261,Irritatbily
TR-1110,Excessive Worry
TR-1228,Lack of Worry Control
TR-2521,Lack of Worry Control
TR-2142,Difficulty Relaxing
TR-1394,Lack of Worry Control
TR-52,Excessive Worry
TR-1121,Nervousness
TR-1347,Restlessness
TR-282,Nervousness
TR-414,Impending Doom
TR-1922,Restlessness
TR-464,Nervousness
TR-2325,Restlessness
TR-774,Lack of Worry Control
TR-1094,Impending Doom
TR-2470,Nervousness
TR-265,Restlessness
TR-1357,Nervousness
TR-204,Excessive Worry
TR-716,Restlessness
TR-1811,Restlessness
TR-723,Impending Doom
TR-2397,Nervousness
TR-2594,Excessive Worry
TR-2065,Impending Doom
TR-823,Lack of Worry Control
TR-1249,Impending Doom
TR-1457,Difficulty Relaxing
TR-457,Irritatbily
TR-2036,Lack of Worry Control
TR-1689,Impending Doom
TR-2416,Nervousness
TR-1818,Lack of Worry Control
TR-2110,Impending Doom
TR-908,Restlessness
TR-2037,Restlessness
TR-404,Irritatbily
TR-828,Impending Doom
TR-1744,Impending Doom
TR-1444,Difficulty Relaxing
TR-1473,Excessive Worry
TR-1540,Excessive Worry
TR-811,Nervousness
TR-1939,Restlessness
TR-2132,Nervousness
TR-2561,Difficulty Relaxing
TR-863,Restlessness
TR-1742,Restlessness
TR-2491,Nervousness
TR-112,Irritatbily
TR-1341,Lack of Worry Control
TR-259,Restlessness
TR-1882,Lack of Worry Control
TR-158,Difficulty Relaxing
TR-854,Irritatbily
TR-807,Difficulty Relaxing
TR-2291,Difficulty Relaxing
TR-1122,Restlessness
TR-1942,Nervousness
TR-1876,Lack of Worry Control
TR-728,Lack of Worry Control
TR-2593,Excessive Worry
TR-287,Difficulty Relaxing
TR-1893,Nervousness
TR-523,Restlessness
TR-1089,Impending Doom
TR-176,Nervousness
TR-49,Restlessness
TR-2567,Lack of Worry Control
TR-2063,Difficulty Relaxing
TR-2228,Impending Doom
TR-424,Difficulty Relaxing
TR-1114,Restlessness
TR-2287,Impending Doom
TR-1350,Impending Doom
TR-927,Nervousness
TR-209,Restlessness
TR-1037,Lack of Worry Control
TR-760,Restlessness
TR-952,Nervousness
TR-1499,Restlessness
TR-1289,Irritatbily
TR-1798,Impending Doom
TR-675,Nervousness
TR-1489,Restlessness
TR-1839,Difficulty Relaxing
TR-1707,Difficulty Relaxing
TR-945,Lack of Worry Control
TR-2099,Restlessness
TR-769,Lack of Worry Control
TR-56,Difficulty Relaxing
TR-973,Restlessness
TR-1993,Difficulty Relaxing
TR-1410,Lack of Worry Control
TR-386,Lack of Worry Control
TR-1217,Restlessness
TR-1291,Nervousness
TR-986,Excessive Worry
TR-2240,Restlessness
TR-1532,Excessive Worry
TR-1263,Difficulty Relaxing
TR-833,Difficulty Relaxing
TR-816,Impending Doom
TR-216,Excessive Worry
TR-2257,Impending Doom
TR-1535,Lack of Worry Control
TR-1670,Nervousness
TR-169,Excessive Worry
TR-1960,Nervousness
TR-1597,Lack of Worry Control
TR-291,Difficulty Relaxing
TR-2372,Restlessness
TR-2454,Difficulty Relaxing
TR-859,Irritatbily
TR-898,Impending Doom
TR-1966,Difficulty Relaxing
TR-1989,Restlessness
TR-1143,Restlessness
TR-1766,Restlessness
TR-1370,Excessive Worry
TR-448,Lack of Worry Control
TR-924,Difficulty Relaxing
TR-951,Nervousness
TR-1246,Excessive Worry
TR-1852,Impending Doom
TR-1383,Restlessness
TR-2520,Impending Doom
TR-1292,Nervousness
TR-2270,Lack of Worry Control
TR-2205,Restlessness
TR-1685,Lack of Worry Control
TR-994,Impending Doom
TR-1006,Impending Doom
TR-2129,Difficulty Relaxing
TR-1016,Nervousness
TR-901,Lack of Worry Control
TR-350,Difficulty Relaxing
TR-1762,Excessive Worry
TR-1789,Excessive Worry
TR-2102,Excessive Worry
TR-1068,Irritatbily
TR-2442,Impending Doom
TR-388,Lack of Worry Control
TR-2314,Lack of Worry Control
TR-1209,Difficulty Relaxing
TR-2154,Irritatbily
TR-1936,Excessive Worry
TR-2214,Nervousness
TR-1772,Nervousness
TR-1687,Impending Doom
TR-278,Impending Doom
TR-1367,Nervousness
TR-67,Lack of Worry Control
TR-989,Nervousness
TR-1747,Impending Doom
TR-2367,Restlessness
TR-356,Restlessness
TR-1168,Excessive Worry
TR-149,Lack of Worry Control
TR-594,Difficulty Relaxing
TR-1280,Difficulty Relaxing
TR-803,Difficulty Relaxing
TR-161,Excessive Worry
TR-1549,Nervousness
TR-1713,Difficulty Relaxing
TR-2343,Excessive Worry
TR-288,Excessive Worry
TR-2348,Difficulty Relaxing
TR-1060,Nervousness
TR-1556,Lack of Worry Control
TR-567,Restlessness
TR-1286,Restlessness
TR-2153,Impending Doom
TR-530,Difficulty Relaxing
TR-2230,Irritatbily
TR-1491,Excessive Worry
TR-783,Nervousness
TR-2146,Excessive Worry
TR-419,Difficulty Relaxing
TR-98,Restlessness
TR-625,Nervousness
TR-1715,Difficulty Relaxing
TR-1466,Excessive Worry
TR-186,Lack of Worry Control
TR-1915,Excessive Worry
TR-1873,Difficulty Relaxing
TR-1557,Lack of Worry Control
TR-857,Nervousness
TR-1320,Excessive Worry
TR-1247,Difficulty Relaxing
TR-889,Lack of Worry Control
TR-471,Restlessness
TR-2335,Nervousness
TR-552,Restlessness
TR-601,Lack of Worry Control
TR-1894,Nervousness
TR-1593,Lack of Worry Control
TR-1850,Difficulty Relaxing
TR-607,Nervousness
TR-2342,Nervousness
TR-1872,Lack of Worry Control
TR-935,Impending Doom
TR-539,Impending Doom
TR-2082,Restlessness
TR-1487,Difficulty Relaxing
TR-264,Impending Doom
TR-1701,Excessive Worry
TR-155,Restlessness
TR-2031,Nervousness
TR-1864,Restlessness
TR-366,Nervousness
TR-1386,Impending Doom
TR-1862,Restlessness
TR-2426,Restlessness
TR-2478,Impending Doom
TR-189,Restlessness
TR-1260,Irritatbily
TR-163,Nervousness
TR-1358,Nervousness
TR-1185,Impending Doom
TR-1642,Nervousness
TR-2334,Nervousness
TR-576,Impending Doom
TR-1172,Lack of Worry Control
TR-285,Excessive Worry
TR-1015,Excessive Worry
TR-1014,Difficulty Relaxing
TR-844,Lack of Worry Control
TR-2604,Impending Doom
TR-1077,Restlessness
TR-1885,Excessive Worry
TR-1910,Difficulty Relaxing
TR-79,Restlessness
TR-2073,Difficulty Relaxing
TR-1333,Impending Doom
TR-558,Difficulty Relaxing
TR-1728,Difficulty Relaxing
TR-759,Impending Doom
TR-1115,Difficulty Relaxing
TR-609,Nervousness
TR-2349,Difficulty Relaxing
TR-2219,Impending Doom
TR-795,Lack of Worry Control
TR-1210,Difficulty Relaxing
TR-2281,Impending Doom
TR-1867,Restlessness
TR-1561,Nervousness
TR-2386,Restlessness
TR-520,Restlessness
TR-490,Nervousness
TR-1581,Excessive Worry
TR-969,Difficulty Relaxing
TR-247,Difficulty Relaxing
TR-114,Nervousness
TR-628,Impending Doom
TR-981,Restlessness
TR-527,Difficulty Relaxing
TR-1354,Difficulty Relaxing
TR-964,Restlessness
TR-591,Nervousness
TR-400,Nervousness
TR-2589,Impending Doom
TR-330,Nervousness
TR-988,Irritatbily
TR-1693,Lack of Worry Control
TR-2020,Restlessness
TR-2053,Restlessness
TR-1422,Excessive Worry
TR-1776,Restlessness
TR-3,Nervousness
TR-1180,Restlessness
TR-1393,Irritatbily
TR-1536,Difficulty Relaxing
TR-696,Impending Doom
TR-842,Lack of Worry Control
TR-1211,Difficulty Relaxing
TR-1389,Restlessness
TR-493,Nervousness
TR-1991,Excessive Worry
TR-1375,Nervousness
TR-1803,Excessive Worry
TR-325,Restlessness
TR-1957,Restlessness
TR-2452,Lack of Worry Control
TR-2463,Impending Doom
TR-758,Nervousness
TR-657,Nervousness
TR-914,Impending Doom
TR-1443,Difficulty Relaxing
TR-1717,Lack of Worry Control
TR-2425,Difficulty Relaxing
TR-75,Restlessness
TR-2455,Difficulty Relaxing
TR-1493,Impending Doom
TR-1335,Nervousness
TR-786,Excessive Worry
TR-1159,Excessive Worry
TR-1637,Nervousness
TR-1288,Impending Doom
TR-775,Lack of Worry Control
TR-7,Lack of Worry Control
TR-1301,Difficulty Relaxing
TR-921,Lack of Worry Control
TR-868,Restlessness
TR-1551,Difficulty Relaxing
TR-1480,Lack of Worry Control
TR-997,Impending Doom
TR-704,Excessive Worry
TR-2279,Restlessness
TR-1178,Difficulty Relaxing
TR-328,Nervousness
TR-1353,Restlessness
TR-40,Lack of Worry Control
TR-2321,Restlessness
TR-1477,Restlessness
TR-1392,Irritatbily
TR-2001,Restlessness
TR-170,Excessive Worry
TR-1620,Restlessness
TR-1069,Restlessness
TR-1614,Irritatbily
TR-843,Impending Doom
TR-777,Difficulty Relaxing
TR-878,Excessive Worry
TR-1339,Lack of Worry Control
TR-364,Lack of Worry Control
TR-954,Nervousness
TR-1786,Excessive Worry
TR-801,Impending Doom
TR-1604,Difficulty Relaxing
TR-410,Excessive Worry
TR-897,Nervousness
TR-618,Excessive Worry
TR-151,Excessive Worry
TR-1129,Restlessness
TR-2549,Lack of Worry Control
TR-87,Nervousness
TR-133,Difficulty Relaxing
TR-884,Impending Doom
TR-939,Difficulty Relaxing
TR-266,Nervousness
TR-1034,Difficulty Relaxing
TR-498,Difficulty Relaxing
TR-2234,Lack of Worry Control
TR-30,Nervousness
TR-110,Restlessness
TR-743,Difficulty Relaxing
TR-2041,Difficulty Relaxing
TR-1740,Restlessness
TR-191,Lack of Worry Control
TR-1451,Impending Doom
TR-1164,Restlessness
TR-1040,Impending Doom
TR-4,Lack of Worry Control
TR-1251,Restlessness
TR-699,Nervousness
TR-2165,Impending Doom
TR-1199,Lack of Worry Control
TR-393,Irritatbily
TR-1032,Restlessness
TR-1888,Restlessness
TR-784,Impending Doom
TR-1932,Irritatbily
TR-1054,Restlessness
TR-2464,Difficulty Relaxing
TR-2093,Impending Doom
TR-2226,Restlessness
TR-2114,Nervousness
TR-1205,Impending Doom
TR-604,Excessive Worry
TR-873,Difficulty Relaxing
TR-757,Impending Doom
TR-8,Nervousness
TR-615,Difficulty Relaxing
TR-718,Nervousness
TR-1940,Lack of Worry Control
TR-1223,Restlessness
TR-1603,Excessive Worry
TR-1528,Impending Doom
TR-849,Impending Doom
TR-1241,Lack of Worry Control
TR-1074,Lack of Worry Control
TR-679,Lack of Worry Control
TR-136,Nervousness
TR-1710,Difficulty Relaxing
TR-73,Impending Doom
TR-495,Excessive Worry
TR-382,Impending Doom
TR-1912,Impending Doom
TR-1677,Lack of Worry Control
TR-826,Excessive Worry
TR-83,Nervousness
TR-218,Restlessness
TR-1157,Impending Doom
TR-1274,Restlessness
TR-358,Restlessness
TR-2174,Nervousness
TR-1801,Impending Doom
TR-753,Nervousness
TR-2311,Impending Doom
TR-1135,Impending Doom
TR-1365,Irritatbily
TR-1525,Restlessness
TR-34,Difficulty Relaxing
TR-1678,Nervousness
TR-2591,Nervousness
TR-321,Irritatbily
TR-1695,Restlessness
TR-2091,Nervousness
TR-1905,Impending Doom
TR-1981,Nervousness
TR-654,Irritatbily
TR-2072,Nervousness
TR-1599,Restlessness
TR-688,Difficulty Relaxing
TR-1401,Difficulty Relaxing
TR-960,Impending Doom
TR-2111,Lack of Worry Control
TR-1270,Difficulty Relaxing
TR-1402,Restlessness
TR-468,Lack of Worry Control
TR-338,Difficulty Relaxing
TR-2371,Restlessness
TR-348,Lack of Worry Control
TR-1460,Difficulty Relaxing
TR-2385,Impending Doom
TR-1083,Irritatbily
TR-597,Nervousness
TR-892,Excessive Worry
TR-2571,Excessive Worry
TR-1221,Difficulty Relaxing
TR-351,Difficulty Relaxing
TR-1775,Impending Doom
TR-2340,Impending Doom
TR-262,Irritatbily
TR-2217,Nervousness
TR-919,Lack of Worry Control
TR-556,Impending Doom
TR-2241,Impending Doom
TR-2078,Difficulty Relaxing
TR-745,Nervousness
TR-93,Difficulty Relaxing
TR-2532,Nervousness
TR-2307,Lack of Worry Control
TR-111,Excessive Worry
TR-2145,Nervousness
TR-1197,Difficulty Relaxing
TR-219,Impending Doom
TR-1208,Excessive Worry
TR-2583,Impending Doom
TR-108,Lack of Worry Control
TR-1428,Impending Doom
TR-395,Impending Doom
TR-1148,Impending Doom
TR-524,Nervousness
TR-84,Impending Doom
TR-2320,Irritatbily
TR-540,Restlessness
TR-376,Excessive Worry
TR-18,Lack of Worry Control
TR-377,Restlessness
TR-491,Irritatbily
TR-1887,Excessive Worry
TR-23,Restlessness
TR-2559,Restlessness
TR-2282,Impending Doom
TR-1516,Difficulty Relaxing
TR-1788,Irritatbily
TR-2246,Nervousness
TR-2260,Nervousness
TR-2231,Difficulty Relaxing
TR-736,Excessive Worry
TR-2562,Impending Doom
TR-2450,Difficulty Relaxing
TR-1494,Lack of Worry Control
TR-1594,Difficulty Relaxing
TR-1174,Restlessness
TR-322,Lack of Worry Control
TR-1450,Nervousness
TR-850,Restlessness
TR-1242,Difficulty Relaxing
TR-1440,Nervousness
TR-1330,Restlessness
TR-1349,Impending Doom
TR-2317,Lack of Worry Control
TR-1076,Lack of Worry Control
TR-354,Difficulty Relaxing
TR-1834,Irritatbily
TR-2310,Irritatbily
TR-2556,Lack of Worry Control
TR-667,Restlessness
TR-1952,Impending Doom
TR-1771,Nervousness
TR-871,Lack of Worry Control
TR-2044,Impending Doom
TR-1702,Difficulty Relaxing
TR-1231,Irritatbily
TR-160,Difficulty Relaxing
TR-2350,Restlessness
TR-1456,Lack of Worry Control
TR-280,Excessive Worry
TR-86,Difficulty Relaxing
TR-968,Impending Doom
TR-754,Difficulty Relaxing
TR-2466,Restlessness
TR-489,Lack of Worry Control
TR-2410,Excessive Worry
TR-1639,Restlessness
TR-746,Impending Doom
TR-107,Restlessness
TR-2060,Difficulty Relaxing
TR-1138,Impending Doom
TR-535,Impending Doom
TR-619,Lack of Worry Control
TR-96,Restlessness
TR-2388,Nervousness
TR-1281,Nervousness
TR-2164,Difficulty Relaxing
TR-1,Restlessness
TR-2300,Difficulty Relaxing
TR-1259,Impending Doom
TR-294,Restlessness
TR-1778,Impending Doom
TR-2308,Difficulty Relaxing
TR-1731,Excessive Worry
TR-1453,Nervousness
TR-1576,Nervousness
TR-199,Lack of Worry Control
TR-385,Impending Doom
TR-1895,Difficulty Relaxing
TR-302,Excessive Worry
TR-2218,Nervousness
TR-47,Restlessness
TR-121,Impending Doom
TR-24,Irritatbily
TR-1519,Nervousness
TR-513,Irritatbily
TR-1336,Excessive Worry
TR-1848,Difficulty Relaxing
TR-1400,Nervousness
TR-1770,Nervousness
TR-744,Difficulty Relaxing
TR-2534,Impending Doom
TR-1498,Impending Doom
TR-2117,Impending Doom
TR-2057,Restlessness
TR-2261,Excessive Worry
TR-691,Nervousness
TR-2199,Difficulty Relaxing
TR-1650,Lack of Worry Control
TR-1955,Irritatbily
TR-1193,Restlessness
TR-2155,Excessive Worry
TR-180,Restlessness
TR-1953,Difficulty Relaxing
TR-1059,Nervousness
TR-866,Nervousness
TR-1890,Difficulty Relaxing
TR-1272,Nervousness
TR-101,Nervousness
TR-127,Difficulty Relaxing
TR-1704,Restlessness
TR-2277,Nervousness
TR-1399,Restlessness
TR-2529,Impending Doom
TR-309,Restlessness
TR-1814,Difficulty Relaxing
TR-2159,Impending Doom
TR-497,Restlessness
TR-2431,Restlessness
TR-2525,Excessive Worry
TR-2528,Lack of Worry Control
TR-1397,Nervousness
TR-2089,Irritatbily
TR-2533,Impending Doom
TR-1505,Difficulty Relaxing
TR-2043,Difficulty Relaxing
TR-1537,Nervousness
TR-1305,Difficulty Relaxing
TR-2301,Impending Doom
TR-1574,Excessive Worry
TR-639,Difficulty Relaxing
TR-431,Irritatbily
TR-2105,Impending Doom
TR-1646,Difficulty Relaxing
TR-97,Restlessness
TR-1793,Difficulty Relaxing
TR-1435,Restlessness
TR-1799,Restlessness
TR-323,Difficulty Relaxing
TR-740,Restlessness
TR-426,Restlessness
TR-708,Nervousness
TR-528,Lack of Worry Control
TR-2316,Impending Doom
TR-2415,Excessive Worry
TR-1000,Lack of Worry Control
TR-179,Lack of Worry Control
TR-2280,Nervousness
TR-1381,Nervousness
TR-1899,Difficulty Relaxing
TR-1312,Restlessness
TR-182,Lack of Worry Control
TR-2564,Restlessness
TR-1659,Impending Doom
TR-2473,Difficulty Relaxing
TR-1858,Irritatbily
TR-201,Difficulty Relaxing
TR-436,Difficulty Relaxing
TR-720,Excessive Worry
TR-2005,Excessive Worry
TR-2011,Difficulty Relaxing
TR-1667,Impending Doom
TR-2337,Nervousness
TR-794,Excessive Worry
TR-1181,Excessive Worry
TR-847,Nervousness
TR-1524,Difficulty Relaxing
TR-202,Lack of Worry Control
TR-1239,Excessive Worry
TR-1741,Impending Doom
TR-1783,Impending Doom
TR-1622,Nervousness
TR-2359,Excessive Worry
TR-606,Excessive Worry
TR-1325,Excessive Worry
TR-2122,Nervousness
TR-394,Impending Doom
TR-1213,Impending Doom
TR-932,Excessive Worry
TR-1153,Restlessness
TR-928,Irritatbily
TR-244,Lack of Worry Control
TR-2200,Nervousness
TR-1559,Lack of Worry Control
TR-2212,Nervousness
TR-270,Irritatbily
TR-2023,Restlessness
TR-1690,Lack of Worry Control
TR-1828,Impending Doom
TR-766,Excessive Worry
TR-1222,Restlessness
TR-1452,Impending Doom
TR-2192,Restlessness
TR-459,Impending Doom
TR-2081,Restlessness
TR-1297,Restlessness
TR-909,Excessive Worry
TR-2590,Restlessness
TR-142,Impending Doom
TR-1797,Impending Doom
TR-2608,Nervousness
TR-507,Excessive Worry
TR-2125,Excessive Worry
TR-2211,Impending Doom
TR-2055,Difficulty Relaxing
TR-229,Impending Doom
TR-1965,Impending Doom
TR-2341,Lack of Worry Control
TR-1123,Impending Doom
TR-2547,Restlessness
TR-177,Irritatbily
TR-771,Nervousness
TR-541,Impending Doom
TR-2147,Difficulty Relaxing
TR-1767,Irritatbily
TR-28,Restlessness
TR-1779,Lack of Worry Control
TR-152,Difficulty Relaxing
TR-2175,Lack of Worry Control
TR-2565,Nervousness
TR-2449,Difficulty Relaxing
TR-1113,Lack of Worry Control
TR-500,Difficulty Relaxing
TR-1856,Nervousness
TR-770,Restlessness
TR-2158,Excessive Worry
TR-1785,Excessive Worry
TR-2204,Restlessness
TR-573,Restlessness
TR-1266,Lack of Worry Control
TR-2346,Restlessness
TR-930,Restlessness
TR-678,Lack of Worry Control
TR-1879,Excessive Worry
TR-1191,Lack of Worry Control
TR-1149,Difficulty Relaxing
TR-156,Lack of Worry Control
TR-2086,Restlessness
TR-1095,Lack of Worry Control
TR-1028,Nervousness
TR-168,Lack of Worry Control
TR-327,Nervousness
TR-1171,Irritatbily
TR-1550,Excessive Worry
TR-1517,Difficulty Relaxing
TR-2413,Lack of Worry Control
TR-1680,Difficulty Relaxing
TR-526,Nervousness
TR-660,Lack of Worry Control
TR-2553,Difficulty Relaxing
TR-178,Nervousness
TR-337,Excessive Worry
TR-2131,Excessive Worry
TR-1515,Excessive Worry
TR-1759,Excessive Worry
TR-1189,Excessive Worry
TR-1250,Lack of Worry Control
TR-117,Restlessness
TR-1284,Impending Doom
TR-461,Nervousness
TR-2581,Difficulty Relaxing
TR-893,Difficulty Relaxing
TR-5,Restlessness
TR-2016,Irritatbily
TR-2526,Nervousness
TR-2396,Difficulty Relaxing
TR-1514,Restlessness
TR-814,Impending Doom
TR-2497,Nervousness
TR-621,Difficulty Relaxing
TR-1488,Difficulty Relaxing
TR-936,Lack of Worry Control
TR-167,Lack of Worry Control
TR-1898,Difficulty Relaxing
TR-45,Impending Doom
TR-2124,Nervousness
TR-1972,Nervousness
TR-2039,Impending Doom
TR-399,Nervousness
TR-2119,Restlessness
TR-2010,Excessive Worry
TR-43,Impending Doom
TR-1424,Restlessness
TR-2330,Impending Doom
TR-2015,Excessive Worry
TR-1479,Lack of Worry Control
TR-2137,Difficulty Relaxing
TR-2223,Restlessness
TR-373,Excessive Worry
TR-2318,Excessive Worry
TR-1756,Restlessness
TR-2498,Excessive Worry
TR-256,Lack of Worry Control
TR-1719,Lack of Worry Control
TR-2417,Impending Doom
TR-347,Excessive Worry
TR-331,Irritatbily
TR-2115,Restlessness
TR-967,Excessive Worry
TR-1671,Difficulty Relaxing
TR-1144,Impending Doom
TR-577,Irritatbily
TR-565,Difficulty Relaxing
TR-147,Nervousness
TR-1042,Restlessness
TR-379,Lack of Worry Control
TR-484,Excessive Worry
TR-942,Nervousness
TR-29,Excessive Worry
TR-268,Impending Doom
TR-516,Restlessness
TR-1038,Irritatbily
TR-2506,Impending Doom
TR-916,Restlessness
TR-344,Impending Doom
TR-2587,Impending Doom
TR-2309,Nervousness
TR-1633,Nervousness
TR-1426,Nervousness
TR-1268,Excessive Worry
TR-943,Lack of Worry Control
TR-2444,Irritatbily
TR-307,Difficulty Relaxing
TR-1390,Nervousness
TR-1086,Nervousness
TR-1007,Restlessness
TR-1161,Impending Doom
TR-2299,Impending Doom
TR-1716,Excessive Worry
TR-1348,Nervousness
TR-2108,Excessive Worry
TR-1737,Difficulty Relaxing
TR-1106,Impending Doom
TR-1318,Nervousness
TR-763,Impending Doom
TR-2103,Restlessness
TR-1979,Lack of Worry Control
TR-891,Excessive Worry
TR-405,Nervousness
TR-710,Restlessness
TR-2328,Difficulty Relaxing
TR-1207,Excessive Worry
TR-2035,Lack of Worry Control
TR-1252,Excessive Worry
TR-2392,Restlessness
TR-13,Restlessness
TR-585,Impending Doom
TR-2169,Nervousness
TR-275,Difficulty Relaxing
TR-713,Difficulty Relaxing
TR-2375,Nervousness
TR-2148,Impending Doom
TR-195,Nervousness
TR-956,Difficulty Relaxing
TR-2510,Nervousness
TR-1116,Irritatbily
TR-2597,Lack of Worry Control
TR-450,Nervousness
TR-1362,Lack of Worry Control
TR-2188,Restlessness
TR-420,Excessive Worry
TR-1237,Difficulty Relaxing
TR-143,Restlessness
TR-257,Lack of Worry Control
TR-402,Lack of Worry Control
TR-1815,Restlessness
TR-1892,Impending Doom
TR-36,Excessive Worry
TR-2273,Lack of Worry Control
TR-511,Lack of Worry Control
TR-1053,Nervousness
TR-578,Restlessness
TR-311,Lack of Worry Control
TR-1133,Nervousness
TR-641,Lack of Worry Control
TR-1024,Lack of Worry Control
TR-1588,Difficulty Relaxing
TR-2460,Impending Doom
TR-1605,Difficulty Relaxing
TR-1944,Lack of Worry Control
TR-1380,Nervousness
TR-2294,Impending Doom
TR-2203,Difficulty Relaxing
TR-2315,Lack of Worry Control
TR-2123,Nervousness
TR-1806,Excessive Worry
TR-2495,Impending Doom
TR-603,Lack of Worry Control
TR-408,Excessive Worry
TR-2253,Impending Doom
TR-1184,Nervousness
TR-2251,Excessive Worry
TR-2095,Lack of Worry Control
TR-976,Lack of Worry Control
TR-2224,Impending Doom
TR-549,Restlessness
TR-825,Excessive Worry
TR-1976,Restlessness
TR-1967,Difficulty Relaxing
TR-2083,Nervousness
TR-1387,Nervousness
TR-569,Difficulty Relaxing
TR-141,Impending Doom
TR-2048,Impending Doom
TR-631,Lack of Worry Control
TR-2391,Impending Doom
TR-721,Irritatbily
TR-2363,Difficulty Relaxing
TR-465,Difficulty Relaxing
TR-815,Difficulty Relaxing
TR-958,Excessive Worry
TR-1546,Restlessness
TR-929,Restlessness
TR-2047,Nervousness
TR-2406,Excessive Worry
TR-917,Excessive Worry
TR-2186,Impending Doom
TR-267,Difficulty Relaxing
TR-872,Nervousness
TR-1308,Impending Doom
TR-617,Nervousness
TR-2190,Excessive Worry
TR-1105,Irritatbily
TR-869,Nervousness
TR-308,Excessive Worry
TR-237,Restlessness
TR-1165,Lack of Worry Control
TR-2298,Restlessness
TR-2515,Lack of Worry Control
TR-2403,Irritatbily
TR-2283,Restlessness
TR-317,Nervousness
TR-417,Impending Doom
TR-1822,Impending Doom
TR-1529,Irritatbily
TR-100,Restlessness
TR-772,Restlessness
TR-1371,Lack of Worry Control
TR-1990,Excessive Worry
TR-2242,Irritatbily
TR-145,Restlessness
TR-583,Difficulty Relaxing
TR-105,Excessive Worry
TR-1166,Excessive Worry
TR-572,Excessive Worry
TR-1945,Impending Doom
TR-2275,Excessive Worry
TR-483,Impending Doom
TR-1643,Restlessness
TR-512,Lack of Worry Control
TR-249,Impending Doom
TR-1996,Difficulty Relaxing
TR-300,Restlessness
TR-1340,Lack of Worry Control
TR-130,Nervousness
TR-295,Lack of Worry Control
TR-714,Impending Doom
TR-2492,Irritatbily
TR-2172,Excessive Worry
TR-626,Impending Doom
TR-315,Restlessness
TR-2398,Lack of Worry Control
TR-1058,Difficulty Relaxing
TR-841,Excessive Worry
TR-353,Lack of Worry Control
TR-734,Lack of Worry Control
TR-1140,Restlessness
TR-1513,Nervousness
TR-1107,Restlessness
TR-635,Excessive Worry
TR-144,Irritatbily
TR-1160,Difficulty Relaxing
TR-647,Nervousness
TR-2263,Difficulty Relaxing
TR-1510,Restlessness
TR-1969,Restlessness
TR-2482,Lack of Worry Control
TR-711,Irritatbily
TR-1921,Excessive Worry
TR-1425,Excessive Worry
TR-1338,Restlessness
TR-441,Impending Doom
TR-787,Nervousness
TR-2183,Excessive Worry
TR-2353,Difficulty Relaxing
TR-78,Difficulty Relaxing
TR-452,Excessive Worry
TR-1709,Nervousness
TR-2166,Excessive Worry
TR-1287,Impending Doom
TR-521,Irritatbily
TR-1962,Excessive Worry
TR-1896,Excessive Worry
TR-1206,Irritatbily
TR-1496,Lack of Worry Control
TR-1075,Difficulty Relaxing
TR-1025,Excessive Worry
TR-1838,Impending Doom
TR-1502,Impending Doom
TR-1577,Lack of Worry Control
TR-2293,Restlessness
TR-2324,Restlessness
TR-1295,Restlessness
TR-1949,Difficulty Relaxing
TR-1847,Excessive Worry
TR-645,Nervousness
TR-2034,Restlessness
TR-750,Nervousness
TR-2187,Nervousness
TR-819,Irritatbily
TR-2150,Excessive Worry
TR-1316,Difficulty Relaxing
TR-2209,Impending Doom
TR-797,Lack of Worry Control
TR-2098,Lack of Worry Control
TR-681,Nervousness
TR-171,Restlessness
TR-39,Lack of Worry Control
TR-128,Lack of Worry Control
TR-2605,Excessive Worry
TR-205,Difficulty Relaxing
TR-975,Impending Doom
TR-2007,Difficulty Relaxing
TR-1467,Irritatbily
TR-252,Irritatbily
TR-820,Difficulty Relaxing
TR-948,Lack of Worry Control
TR-2362,Restlessness
TR-210,Nervousness
TR-1232,Excessive Worry
TR-1654,Lack of Worry Control
TR-57,Excessive Worry
TR-2269,Excessive Worry
TR-1414,Restlessness
TR-1782,Lack of Worry Control
TR-525,Difficulty Relaxing
TR-1768,Excessive Worry
TR-2066,Impending Doom
TR-470,Difficulty Relaxing
TR-1072,Difficulty Relaxing
TR-2133,Impending Doom
TR-113,Impending Doom
TR-80,Lack of Worry Control
TR-1118,Impending Doom
TR-1490,Restlessness
TR-487,Impending Doom
TR-1331,Impending Doom
TR-70,Excessive Worry
TR-2049,Restlessness
TR-1256,Lack of Worry Control
TR-1001,Impending Doom
TR-899,Difficulty Relaxing
TR-122,Lack of Worry Control
TR-2427,Impending Doom
TR-817,Lack of Worry Control
TR-1158,Restlessness
TR-2161,Difficulty Relaxing
TR-2018,Lack of Worry Control
TR-1521,Restlessness
TR-1385,Excessive Worry
TR-1591,Lack of Worry Control
TR-665,Restlessness
TR-2513,Difficulty Relaxing
TR-403,Excessive Worry
TR-2006,Impending Doom
TR-26,Impending Doom
TR-1277,Impending Doom
TR-251,Irritatbily
TR-1656,Nervousness
TR-1983,Difficulty Relaxing
TR-1307,Difficulty Relaxing
TR-1384,Lack of Worry Control
TR-1099,Difficulty Relaxing
TR-1826,Difficulty Relaxing
TR-2459,Lack of Worry Control
TR-2480,Difficulty Relaxing
TR-48,Difficulty Relaxing
TR-2061,Restlessness
TR-1420,Impending Doom
TR-423,Difficulty Relaxing
TR-1628,Restlessness
TR-1319,Lack of Worry Control
TR-2474,Impending Doom
TR-355,Excessive Worry
TR-2572,Lack of Worry Control
TR-432,Difficulty Relaxing
TR-2606,Impending Doom
TR-1224,Restlessness
TR-2485,Excessive Worry
TR-91,Difficulty Relaxing
TR-1902,Restlessness
TR-1657,Nervousness
TR-789,Impending Doom
TR-2481,Restlessness
TR-1245,Irritatbily
TR-1369,Impending Doom
TR-1142,Nervousness
TR-2056,Excessive Worry
TR-2295,Lack of Worry Control
TR-537,Difficulty Relaxing
TR-2233,Restlessness
TR-963,Difficulty Relaxing
TR-1718,Difficulty Relaxing
TR-2503,Impending Doom
TR-991,Restlessness
TR-1154,Nervousness
TR-697,Nervousness
TR-1635,Nervousness
TR-1592,Impending Doom
TR-1868,Nervousness
TR-2213,Restlessness
TR-329,Irritatbily
TR-813,Impending Doom
TR-2502,Lack of Worry Control
TR-751,Impending Doom
TR-937,Restlessness
TR-563,Impending Doom
TR-2101,Nervousness
TR-235,Restlessness
TR-2033,Restlessness
TR-1195,Lack of Worry Control
TR-1039,Lack of Worry Control
TR-1011,Lack of Worry Control
TR-481,Lack of Worry Control
TR-1906,Restlessness
TR-2024,Restlessness
TR-137,Nervousness
TR-1664,Nervousness
TR-314,Lack of Worry Control
TR-1585,Nervousness
TR-1244,Excessive Worry
TR-196,Nervousness
TR-561,Restlessness
TR-903,Difficulty Relaxing
TR-799,Nervousness
TR-2381,Impending Doom
TR-2326,Lack of Worry Control
TR-2557,Nervousness
TR-228,Impending Doom
TR-1618,Nervousness
TR-1729,Nervousness
TR-1102,Nervousness
TR-2511,Impending Doom
TR-2374,Excessive Worry
TR-1449,Restlessness
TR-1819,Restlessness
TR-836,Impending Doom
TR-700,Excessive Worry
TR-1726,Restlessness
TR-1396,Excessive Worry
TR-612,Nervousness
TR-2599,Lack of Worry Control
TR-391,Difficulty Relaxing
TR-574,Lack of Worry Control
TR-1155,Nervousness
TR-2501,Nervousness
TR-2177,Nervousness
TR-638,Difficulty Relaxing
TR-894,Difficulty Relaxing
TR-837,Excessive Worry
TR-514,Impending Doom
TR-2436,Nervousness
TR-2409,Nervousness
TR-661,Restlessness
TR-1326,Irritatbily
TR-1373,Nervousness
TR-2323,Restlessness
TR-1419,Nervousness
TR-372,Lack of Worry Control
TR-1279,Excessive Worry
TR-1584,Lack of Worry Control
TR-381,Lack of Worry Control
TR-460,Excessive Worry
TR-1265,Difficulty Relaxing
TR-183,Irritatbily
TR-2447,Lack of Worry Control
TR-1854,Lack of Worry Control
TR-335,Excessive Worry
TR-518,Lack of Worry Control
TR-1533,Impending Doom
TR-368,Restlessness
TR-2046,Excessive Worry
TR-1100,Difficulty Relaxing
TR-562,Lack of Worry Control
TR-695,Restlessness
TR-2171,Difficulty Relaxing
TR-64,Excessive Worry
TR-2216,Nervousness
TR-1720,Nervousness
TR-818,Excessive Worry
TR-1188,Difficulty Relaxing
TR-2448,Impending Doom
TR-1196,Difficulty Relaxing
TR-534,Nervousness
TR-2477,Nervousness
TR-581,Difficulty Relaxing
TR-1595,Restlessness
TR-236,Restlessness
TR-1934,Lack of Worry Control
TR-2368,Irritatbily
TR-2274,Excessive Worry
TR-2603,Difficulty Relaxing
TR-2438,Restlessness
TR-1648,Restlessness
TR-31,Lack of Worry Control
TR-1003,Difficulty Relaxing
TR-1372,Lack of Worry Control
TR-1621,Impending Doom
TR-1645,Excessive Worry
TR-425,Lack of Worry Control
TR-54,Lack of Worry Control
TR-298,Excessive Worry
TR-1816,Impending Doom
TR-1145,Difficulty Relaxing
TR-972,Excessive Worry
TR-2488,Restlessness
TR-1156,Difficulty Relaxing
TR-1509,Difficulty Relaxing
TR-1356,Excessive Worry
TR-579,Impending Doom
TR-504,Difficulty Relaxing
TR-1547,Restlessness
TR-1433,Irritatbily
TR-1572,Difficulty Relaxing
TR-990,Impending Doom
TR-227,Restlessness
TR-584,Excessive Worry
TR-12,Nervousness
TR-1328,Restlessness
TR-2423,Lack of Worry Control
TR-2456,Excessive Worry
TR-848,Excessive Worry
TR-1520,Nervousness
TR-629,Excessive Worry
TR-224,Difficulty Relaxing
TR-1458,Impending Doom
TR-2461,Restlessness
TR-2432,Excessive Worry
TR-2446,Lack of Worry Control
TR-357,Restlessness
TR-1539,Restlessness
TR-383,Restlessness
TR-656,Restlessness
TR-785,Nervousness
TR-2505,Lack of Worry Control
TR-2051,Difficulty Relaxing
TR-2135,Excessive Worry
TR-663,Excessive Worry
TR-263,Nervousness
TR-33,Difficulty Relaxing
TR-1010,Excessive Worry
TR-1495,Nervousness
TR-1033,Impending Doom
TR-444,Impending Doom
TR-1558,Restlessness
TR-1668,Difficulty Relaxing
TR-2207,Excessive Worry
TR-2364,Difficulty Relaxing
TR-2490,Restlessness
TR-822,Restlessness
TR-1019,Difficulty Relaxing
TR-1641,Impending Doom
TR-223,Impending Doom
TR-241,Restlessness
TR-1324,Excessive Worry
TR-821,Lack of Worry Control
TR-238,Excessive Worry
TR-469,Difficulty Relaxing
TR-2267,Impending Doom
TR-1103,Nervousness
TR-2393,Restlessness
TR-2069,Lack of Worry Control
TR-2289,Nervousness
TR-729,Nervousness
TR-1218,Restlessness
TR-881,Excessive Worry
TR-709,Nervousness
TR-1463,Excessive Worry
TR-2121,Restlessness
TR-2379,Nervousness
TR-1012,Nervousness
TR-1235,Irritatbily
TR-1655,Excessive Worry
TR-42,Difficulty Relaxing
TR-749,Difficulty Relaxing
TR-1486,Excessive Worry
TR-864,Difficulty Relaxing
TR-2544,Restlessness
TR-2586,Difficulty Relaxing
TR-1757,Restlessness
TR-1612,Excessive Worry
TR-246,Impending Doom
TR-1575,Restlessness
TR-2097,Impending Doom
TR-2221,Difficulty Relaxing
TR-1238,Irritatbily
TR-303,Impending Doom
TR-1009,Lack of Worry Control
TR-1275,Difficulty Relaxing
TR-1104,Restlessness
TR-1173,Excessive Worry
TR-796,Impending Doom
TR-1733,Difficulty Relaxing
TR-397,Nervousness
TR-2584,Nervousness
TR-1092,Impending Doom
TR-1388,Difficulty Relaxing
TR-2602,Lack of Worry Control
TR-2358,Impending Doom
TR-430,Impending Doom
TR-627,Excessive Worry
TR-2333,Impending Doom
TR-1214,Impending Doom
TR-1306,Restlessness
TR-165,Restlessness
TR-153,Impending Doom
TR-343,Nervousness
TR-1048,Restlessness
TR-806,Restlessness
TR-590,Difficulty Relaxing
TR-2013,Restlessness
TR-1590,Impending Doom
TR-2380,Impending Doom
TR-1127,Lack of Worry Control
TR-1881,Restlessness
TR-1692,Excessive Worry
TR-829,Excessive Worry
TR-2387,Difficulty Relaxing
TR-226,Nervousness
TR-636,Restlessness
TR-135,Impending Doom
TR-290,Lack of Worry Control
TR-2092,Impending Doom
TR-1883,Lack of Worry Control
TR-1743,Impending Doom
TR-1531,Restlessness
TR-2250,Nervousness
TR-2285,Nervousness
TR-359,Impending Doom
TR-1522,Excessive Worry
TR-1875,Excessive Worry
TR-1900,Restlessness
TR-1023,Excessive Worry
TR-949,Difficulty Relaxing
TR-2493,Difficulty Relaxing
TR-1175,Nervousness
TR-2255,Difficulty Relaxing
TR-1992,Lack of Worry Control
TR-240,Difficulty Relaxing
TR-2390,Restlessness
TR-109,Restlessness
TR-1619,Impending Doom
TR-2546,Lack of Worry Control
TR-2365,Irritatbily
TR-1653,Excessive Worry
TR-1469,Difficulty Relaxing
TR-543,Nervousness
TR-692,Impending Doom
TR-724,Impending Doom
TR-502,Difficulty Relaxing
TR-1606,Impending Doom
TR-2484,Restlessness
TR-839,Excessive Worry
TR-690,Difficulty Relaxing
TR-2077,Nervousness
